序号,系统编码,标签版本,是否当前版本,适用文书类型,医院,所属标签包,标签名称,标签CODE,定义/描述,标签英文名,其他名称,来源,来源版本,来源编码,标准名称,标准类型,CDE编号,CDE来源,CReDEs-数据项,CReDEs-值域描述,原映射编码,CReDEs_限定范围,CReDEs_限定范围(英文),CReDEs_值域描述,CReDEs_值域描述(英文),数据类型,文本-长度,数字-长度,数字-精度,数字-单位,日期/时间,枚举-可选内容,枚举-是否多选,,,,
13,LI0000004,2268faa5f46f75096ea3bd7581796126314bafcc615aec1a2f9d12d70c6412b8,Yes,"入院记录,现病史,既往史","东肝,胸科",健康问题与诊断,发病时间,ONSET_TIME,指某一事件或症状首次出现的时间。,Onset Time,发生时间,,,,NSCLC-pd1抑制剂疗效ETT数据集,数据集标准,JBSFCX,上海胸科,疾病持续,,SI0100022,,,,,枚举,,,,,,1=是;0=否,否,,,,
15,LI0000004,2268faa5f46f75096ea3bd7581796126314bafcc615aec1a2f9d12d70c6412b8,Yes,"入院记录,现病史,既往史","东肝,胸科",健康问题与诊断,发病时间,ONSET_TIME,指某一事件或症状首次出现的时间。,Onset Time,发生时间,,,,NSCLC-pd1抑制剂疗效ETT数据集,数据集标准,JBKSRQ,上海胸科,疾病开始日期,,SI0100021,,,,,日期/时间,,,,,yyyy-MM-dd,,,,,,
23,LI0000005,343dcaa4f419ddf39d54e741116fa3e84dc66db9cebe4ff346bdb65147c80fbd,Yes,"现病史,既往史",胸科,健康问题与诊断,患病时长,ILL_DURATION,从患者首次出现症状或被诊断出患有某种疾病开始，到当前时间点或者某个特定的时间点为止的时间跨度,Duration of Illness,,,,,NSCLC-pd1抑制剂疗效ETT数据集,数据集标准,JBSFCX,上海胸科,疾病持续,,SI0100022,,,,,枚举,,,,,,1=是;0=否,否,,,,
25,LI0000005,343dcaa4f419ddf39d54e741116fa3e84dc66db9cebe4ff346bdb65147c80fbd,Yes,"现病史,既往史",胸科,健康问题与诊断,患病时长,ILL_DURATION,从患者首次出现症状或被诊断出患有某种疾病开始，到当前时间点或者某个特定的时间点为止的时间跨度,Duration of Illness,,,,,NSCLC-pd1抑制剂疗效ETT数据集,数据集标准,JBJSRQ,上海胸科,疾病结束日期,,SI0100023,,,,,日期/时间,,,,,yyyy-MM-dd,,,,,,
62,LI0000012,fea24f38a7c238d5f14fc07b02bc255e2f8f2c59eba4534adf65ce58ae1bbe34,Yes,"影像检查,专科检查,物理检查,病理,诊断,入院记录,现病史,手术记录,检查,病理检查,病理诊断","东肝,九院,胸科",解剖与病理信息,病变部位,LESION_LOC,记录检查中发现的病灶具体部位，如唇部、口底部、舌部、颊黏膜等。,Lesion Location,"病灶部位,发生部位",,,,NSCLC-pd1抑制剂疗效ETT数据集,数据集标准,ZLZZBW_PDL1,上海胸科,肿瘤组织部位_PD-L1,,SI0100046,,,,,文本,100,,,,,,,,,,
69,LI0000012,fea24f38a7c238d5f14fc07b02bc255e2f8f2c59eba4534adf65ce58ae1bbe34,Yes,"影像检查,专科检查,物理检查,病理,诊断,入院记录,现病史,手术记录,检查,病理检查,病理诊断","东肝,九院,胸科",解剖与病理信息,病变部位,LESION_LOC,记录检查中发现的病灶具体部位，如唇部、口底部、舌部、颊黏膜等。,Lesion Location,"病灶部位,发生部位",,,,NSCLC-pd1抑制剂疗效ETT数据集,数据集标准,BZBW_BBZ,上海胸科,靶病灶部位,,SI0100063,,,,,枚举,,,,,,1=左肺上叶;2=左肺下叶;3=右肺上叶;4=右肺中叶;5=右肺下叶;6=纵隔淋巴结;7=肺门淋巴结,否,,,,
71,LI0000012,fea24f38a7c238d5f14fc07b02bc255e2f8f2c59eba4534adf65ce58ae1bbe34,Yes,"影像检查,专科检查,物理检查,病理,诊断,入院记录,现病史,手术记录,检查,病理检查,病理诊断","东肝,九院,胸科",解剖与病理信息,病变部位,LESION_LOC,记录检查中发现的病灶具体部位，如唇部、口底部、舌部、颊黏膜等。,Lesion Location,"病灶部位,发生部位",,,,NSCLC-pd1抑制剂疗效ETT数据集,数据集标准,BZBW_QT_FBBZ,上海胸科,非靶病灶部位（其它）,,SI0100078,,,,,文本,100,,,,,,,,,,
73,LI0000012,fea24f38a7c238d5f14fc07b02bc255e2f8f2c59eba4534adf65ce58ae1bbe34,Yes,"影像检查,专科检查,物理检查,病理,诊断,入院记录,现病史,手术记录,检查,病理检查,病理诊断","东肝,九院,胸科",解剖与病理信息,病变部位,LESION_LOC,记录检查中发现的病灶具体部位，如唇部、口底部、舌部、颊黏膜等。,Lesion Location,"病灶部位,发生部位",,,,NSCLC-pd1抑制剂疗效ETT数据集,数据集标准,FFZYBW,上海胸科,复发转移部位,,SI0100113,,,,,文本,100,,,,,,,,,,
75,LI0000012,fea24f38a7c238d5f14fc07b02bc255e2f8f2c59eba4534adf65ce58ae1bbe34,Yes,"影像检查,专科检查,物理检查,病理,诊断,入院记录,现病史,手术记录,检查,病理检查,病理诊断","东肝,九院,胸科",解剖与病理信息,病变部位,LESION_LOC,记录检查中发现的病灶具体部位，如唇部、口底部、舌部、颊黏膜等。,Lesion Location,"病灶部位,发生部位",,,,NSCLC-pd1抑制剂疗效ETT数据集,数据集标准,BZBW_FF,上海胸科,复发病灶部位,,SI0100512,,,,,枚举,,,,,,1=左肺上叶;2=左肺下叶;3=右肺上叶;4=右肺中叶;5=右肺下叶;6=纵隔淋巴结;7=肺门淋巴结,否,,,,
76,LI0000012,fea24f38a7c238d5f14fc07b02bc255e2f8f2c59eba4534adf65ce58ae1bbe34,Yes,"影像检查,专科检查,物理检查,病理,诊断,入院记录,现病史,手术记录,检查,病理检查,病理诊断","东肝,九院,胸科",解剖与病理信息,病变部位,LESION_LOC,记录检查中发现的病灶具体部位，如唇部、口底部、舌部、颊黏膜等。,Lesion Location,"病灶部位,发生部位",,,,NSCLC-pd1抑制剂疗效ETT数据集,数据集标准,ZLZZBW_WT,上海胸科,肿瘤组织部位_WES/TMB,,SI0100050,,,,,文本,100,,,,,,,,,,
77,LI0000012,fea24f38a7c238d5f14fc07b02bc255e2f8f2c59eba4534adf65ce58ae1bbe34,Yes,"影像检查,专科检查,物理检查,病理,诊断,入院记录,现病史,手术记录,检查,病理检查,病理诊断","东肝,九院,胸科",解剖与病理信息,病变部位,LESION_LOC,记录检查中发现的病灶具体部位，如唇部、口底部、舌部、颊黏膜等。,Lesion Location,"病灶部位,发生部位",,,,NSCLC-pd1抑制剂疗效ETT数据集,数据集标准,TGJCBW,上海胸科,部位,,SI0100173,,,,,枚举,,,,,,1=一般情况;2=头;3=眼;4=耳;5=鼻;6=喉;7=颈;8=心脏;9=胸部（包括肺）;10=腹部;11=四肢;12=皮肤;13=淋巴结;14=神经系统;15=其他,否,,,,
79,LI0000012,fea24f38a7c238d5f14fc07b02bc255e2f8f2c59eba4534adf65ce58ae1bbe34,Yes,"影像检查,专科检查,物理检查,病理,诊断,入院记录,现病史,手术记录,检查,病理检查,病理诊断","东肝,九院,胸科",解剖与病理信息,病变部位,LESION_LOC,记录检查中发现的病灶具体部位，如唇部、口底部、舌部、颊黏膜等。,Lesion Location,"病灶部位,发生部位",,,,NSCLC-pd1抑制剂疗效ETT数据集,数据集标准,BWMS_BBZ,上海胸科,靶病灶部位描述,,SI0100065,,,,,文本,100,,,,,,,,,,
81,LI0000012,fea24f38a7c238d5f14fc07b02bc255e2f8f2c59eba4534adf65ce58ae1bbe34,Yes,"影像检查,专科检查,物理检查,病理,诊断,入院记录,现病史,手术记录,检查,病理检查,病理诊断","东肝,九院,胸科",解剖与病理信息,病变部位,LESION_LOC,记录检查中发现的病灶具体部位，如唇部、口底部、舌部、颊黏膜等。,Lesion Location,"病灶部位,发生部位",,,,NSCLC-pd1抑制剂疗效ETT数据集,数据集标准,BWMS_FBBZ,上海胸科,非靶病灶部位描述,,SI0100079,,,,,文本,100,,,,,,,,,,
82,LI0000012,fea24f38a7c238d5f14fc07b02bc255e2f8f2c59eba4534adf65ce58ae1bbe34,Yes,"影像检查,专科检查,物理检查,病理,诊断,入院记录,现病史,手术记录,检查,病理检查,病理诊断","东肝,九院,胸科",解剖与病理信息,病变部位,LESION_LOC,记录检查中发现的病灶具体部位，如唇部、口底部、舌部、颊黏膜等。,Lesion Location,"病灶部位,发生部位",,,,NSCLC-pd1抑制剂疗效ETT数据集,数据集标准,BWMS_XBZ,上海胸科,新病灶部位描述,,SI0100092,,,,,文本,100,,,,,,,,,,
93,LI0000012,fea24f38a7c238d5f14fc07b02bc255e2f8f2c59eba4534adf65ce58ae1bbe34,Yes,"影像检查,专科检查,物理检查,病理,诊断,入院记录,现病史,手术记录,检查,病理检查,病理诊断","东肝,九院,胸科",解剖与病理信息,病变部位,LESION_LOC,记录检查中发现的病灶具体部位，如唇部、口底部、舌部、颊黏膜等。,Lesion Location,"病灶部位,发生部位",,,,NSCLC-pd1抑制剂疗效ETT数据集,数据集标准,BZBW_XBZ,上海胸科,新病灶部位,,SI0100090,,,,,枚举,,,,,,1=左肺上叶;2=左肺下叶;3=右肺上叶;4=右肺中叶;5=右肺下叶;6=纵隔淋巴结;7=肺门淋巴结,否,,,,
94,LI0000012,fea24f38a7c238d5f14fc07b02bc255e2f8f2c59eba4534adf65ce58ae1bbe34,Yes,"影像检查,专科检查,物理检查,病理,诊断,入院记录,现病史,手术记录,检查,病理检查,病理诊断","东肝,九院,胸科",解剖与病理信息,病变部位,LESION_LOC,记录检查中发现的病灶具体部位，如唇部、口底部、舌部、颊黏膜等。,Lesion Location,"病灶部位,发生部位",,,,NSCLC-pd1抑制剂疗效ETT数据集,数据集标准,BZBW_QT_BBZ,上海胸科,靶病灶部位（其它）,,SI0100064,,,,,文本,100,,,,,,,,,,
95,LI0000012,fea24f38a7c238d5f14fc07b02bc255e2f8f2c59eba4534adf65ce58ae1bbe34,Yes,"影像检查,专科检查,物理检查,病理,诊断,入院记录,现病史,手术记录,检查,病理检查,病理诊断","东肝,九院,胸科",解剖与病理信息,病变部位,LESION_LOC,记录检查中发现的病灶具体部位，如唇部、口底部、舌部、颊黏膜等。,Lesion Location,"病灶部位,发生部位",,,,NSCLC-pd1抑制剂疗效ETT数据集,数据集标准,BWMS_FF,上海胸科,复发部位描述,,SI0100513,,,,,文本,100,,,,,,,,,,
96,LI0000012,fea24f38a7c238d5f14fc07b02bc255e2f8f2c59eba4534adf65ce58ae1bbe34,Yes,"影像检查,专科检查,物理检查,病理,诊断,入院记录,现病史,手术记录,检查,病理检查,病理诊断","东肝,九院,胸科",解剖与病理信息,病变部位,LESION_LOC,记录检查中发现的病灶具体部位，如唇部、口底部、舌部、颊黏膜等。,Lesion Location,"病灶部位,发生部位",,,,NSCLC-pd1抑制剂疗效ETT数据集,数据集标准,BZBW_QT_XBZ,上海胸科,新病灶部位（其它）,,SI0100091,,,,,文本,100,,,,,,,,,,
97,LI0000012,fea24f38a7c238d5f14fc07b02bc255e2f8f2c59eba4534adf65ce58ae1bbe34,Yes,"影像检查,专科检查,物理检查,病理,诊断,入院记录,现病史,手术记录,检查,病理检查,病理诊断","东肝,九院,胸科",解剖与病理信息,病变部位,LESION_LOC,记录检查中发现的病灶具体部位，如唇部、口底部、舌部、颊黏膜等。,Lesion Location,"病灶部位,发生部位",,,,NSCLC-pd1抑制剂疗效ETT数据集,数据集标准,BZBW_FBBZ,上海胸科,非靶病灶部位,,SI0100077,,,,,枚举,,,,,,1=左肺上叶;2=左肺下叶;3=右肺上叶;4=右肺中叶;5=右肺下叶;6=纵隔淋巴结;7=肺门淋巴结,否,,,,
98,LI0000012,fea24f38a7c238d5f14fc07b02bc255e2f8f2c59eba4534adf65ce58ae1bbe34,Yes,"影像检查,专科检查,物理检查,病理,诊断,入院记录,现病史,手术记录,检查,病理检查,病理诊断","东肝,九院,胸科",解剖与病理信息,病变部位,LESION_LOC,记录检查中发现的病灶具体部位，如唇部、口底部、舌部、颊黏膜等。,Lesion Location,"病灶部位,发生部位",,,,NSCLC-pd1抑制剂疗效ETT数据集,数据集标准,BZBW_YFZ,上海胸科,原发灶部位,,SI0100040,,,,,枚举,,,,,,1=左肺上叶;2=左肺下叶;3=右肺上叶;4=右肺中叶;5=右肺下叶,是,,,,
99,LI0000014,0fa0141544be4d5b89acd174b60ad26a53e485aab3f6413783c904128cddef2d,Yes,病理检查,东肝,解剖与病理信息,病理学分型,PATH_CLASS,肿瘤的病理学类型（如肝细胞癌、胆管癌、混合型肝癌等）。,Pathological Classification,病理类型,,,,NSCLC-pd1抑制剂疗效ETT数据集,数据集标准,NSCLC_BLLX,上海胸科,病理类型,,SI0100026,,,,,枚举,,,,,,1=鳞癌;2=腺癌;3=NSCLC-NOS;4=其它,否,,,,
101,LI0000014,0fa0141544be4d5b89acd174b60ad26a53e485aab3f6413783c904128cddef2d,Yes,病理检查,东肝,解剖与病理信息,病理学分型,PATH_CLASS,肿瘤的病理学类型（如肝细胞癌、胆管癌、混合型肝癌等）。,Pathological Classification,病理类型,,,,NSCLC-pd1抑制剂疗效ETT数据集,数据集标准,NSCLC_QTBLLX,上海胸科,病理类型（其它）,,SI0100027,,,,,文本,500,,,,,,,,,,
110,LI0000015,21e24dffd3ae9e0d474fc9ba9b08675fd4e895e10bb22948dd898317a6471194,Yes,"病理,病理诊断,诊断,现病史","东肝,胸科",解剖与病理信息,组织学分型,HISTO_CLASS,肝癌的组织学形态，常见有细梁型、粗梁型、假腺管型和团片型等,Histological Classification,"组织学类型,病理组织学分类",东肝-肝癌,,,NSCLC-pd1抑制剂疗效ETT数据集,数据集标准,NSCLC_BLLX,上海胸科,病理类型,,SI0100026,,,,,枚举,,,,,,1=鳞癌;2=腺癌;3=NSCLC-NOS;4=其它,否,,,,
112,LI0000015,21e24dffd3ae9e0d474fc9ba9b08675fd4e895e10bb22948dd898317a6471194,Yes,"病理,病理诊断,诊断,现病史","东肝,胸科",解剖与病理信息,组织学分型,HISTO_CLASS,肝癌的组织学形态，常见有细梁型、粗梁型、假腺管型和团片型等,Histological Classification,"组织学类型,病理组织学分类",东肝-肝癌,,,NSCLC-pd1抑制剂疗效ETT数据集,数据集标准,NSCLC_QTBLLX,上海胸科,病理类型（其它）,,SI0100027,,,,,文本,500,,,,,,,,,,
118,LI0000016,14335afd0685749c7f55509798c98bfb7921abcf66d6b60097d92fb383c996d7,Yes,病理诊断,东肝,解剖与病理信息,细胞学类型,CYTO_TYPE,癌症的细胞学形态的分类,Cytological Type,,,,,NSCLC-pd1抑制剂疗效ETT数据集,数据集标准,NSCLC_QTBLLX,上海胸科,病理类型（其它）,,SI0100027,,,,,文本,500,,,,,,,,,,
124,LI0000016,14335afd0685749c7f55509798c98bfb7921abcf66d6b60097d92fb383c996d7,Yes,病理诊断,东肝,解剖与病理信息,细胞学类型,CYTO_TYPE,癌症的细胞学形态的分类,Cytological Type,,,,,NSCLC-pd1抑制剂疗效ETT数据集,数据集标准,NSCLC_BLLX,上海胸科,病理类型,,SI0100026,,,,,枚举,,,,,,1=鳞癌;2=腺癌;3=NSCLC-NOS;4=其它,否,,,,
156,LI0000019,09b41e70d0c621d0472c46b2754ebe48933e2763e5b0eae318d2757dad658e4a,Yes,"影像检查,专科检查,物理检查,病理,病理诊断,入院记录,现病史,手术记录,检查,病理检查","东肝,九院,胸科",解剖与病理信息,病变大小,LESION_SIZE,测量的病灶尺寸大小，通常通过横径纵径描述，或者通过直径描述。,Lesion Size,"病灶大小,原发灶大小",,,,NSCLC-pd1抑制剂疗效ETT数据集,数据集标准,BZZJ,上海胸科,病灶直径,,SI0100071,,,,,小数,,5,2,mm,,,,,,,
172,LI0000019,09b41e70d0c621d0472c46b2754ebe48933e2763e5b0eae318d2757dad658e4a,Yes,"影像检查,专科检查,物理检查,病理,病理诊断,入院记录,现病史,手术记录,检查,病理检查","东肝,九院,胸科",解剖与病理信息,病变大小,LESION_SIZE,测量的病灶尺寸大小，通常通过横径纵径描述，或者通过直径描述。,Lesion Size,"病灶大小,原发灶大小",,,,NSCLC-pd1抑制剂疗效ETT数据集,数据集标准,FFBZDX,上海胸科,复发病灶大小,,SI0100114,,,,,小数,,5,2,mm,,,,,,,
179,LI0000019,09b41e70d0c621d0472c46b2754ebe48933e2763e5b0eae318d2757dad658e4a,Yes,"影像检查,专科检查,物理检查,病理,病理诊断,入院记录,现病史,手术记录,检查,病理检查","东肝,九院,胸科",解剖与病理信息,病变大小,LESION_SIZE,测量的病灶尺寸大小，通常通过横径纵径描述，或者通过直径描述。,Lesion Size,"病灶大小,原发灶大小",,,,NSCLC-pd1抑制剂疗效ETT数据集,数据集标准,BZZCJ,上海胸科,病灶最长径（非淋巴结病灶）,,SI0100518,,,,,小数,,5,2,mm,,,,,,,
181,LI0000020,120603302fb4a83807bdd1819f862f8c981a1acb453d993def9ea76987c8b92f,Yes,"病理,病理诊断,诊断,现病史,病理检查","东肝,九院,胸科",解剖与病理信息,分化信息,DIFF_INFO,肿瘤细胞的分化程度（高分化、中分化、低分化、未分化），反映恶性程度。,Differentiation Information,分化程度,,,,NSCLC-pd1抑制剂疗效ETT数据集,数据集标准,BLFJ,上海胸科,病理分级,,SI0100028,,,,,枚举,,,,,,1=I 级;2=II 级;3=III 级;4=IV 级;9=未知;10=未做,否,,,,
196,LI0000021,a3664a50007965197907a9ba512f5eb3a1ac5a3e39b20389a113739a73a53c23,Yes,"病理,病理诊断,诊断,现病史","东肝,胸科",解剖与病理信息,AJCC分期,AJCC_STAGE,病理诊断原发性肝癌美国癌症联合委员会分期的详细描述,AJCC Staging,临床分期,,,,NSCLC-pd1抑制剂疗效ETT数据集,数据集标准,LCFQ_SQ,上海胸科,术前临床分期,,SI0100125,,,,,枚举,,,,,,1=IA1;2=IA2;3=IA3;4=IB;5=IC;6=IIA;7=IIB;8=IIC;9=IIIA;10=IIIB;11=IIIC;12=VA;13=VB;14=VC;15=IVA;16=IVB;17=IVC;18=不详,否,,,,
198,LI0000021,a3664a50007965197907a9ba512f5eb3a1ac5a3e39b20389a113739a73a53c23,Yes,"病理,病理诊断,诊断,现病史","东肝,胸科",解剖与病理信息,AJCC分期,AJCC_STAGE,病理诊断原发性肝癌美国癌症联合委员会分期的详细描述,AJCC Staging,临床分期,,,,NSCLC-pd1抑制剂疗效ETT数据集,数据集标准,LCFQ,上海胸科,非小细胞肺癌临床分期,,SI0100037,,,,,枚举,,,,,,1=IA1;2=IA2;3=IA3;4=IB;5=IC;6=IIA;7=IIB;8=IIC;9=IIIA;10=IIIB;11=IIIC;12=VA;13=VB;14=VC;15=IVA;16=IVB;17=IVC;18=不详,否,,,,
199,LI0000021,a3664a50007965197907a9ba512f5eb3a1ac5a3e39b20389a113739a73a53c23,Yes,"病理,病理诊断,诊断,现病史","东肝,胸科",解剖与病理信息,AJCC分期,AJCC_STAGE,病理诊断原发性肝癌美国癌症联合委员会分期的详细描述,AJCC Staging,临床分期,,,,NSCLC-pd1抑制剂疗效ETT数据集,数据集标准,SFSQFQ,上海胸科,是否术前分期,,SI0100121,,,,,枚举,,,,,,1=是;0=否,否,,,,
204,LI0000023,e521cef29707dd645e2f83aae4c7bcc3d02e8285142e236ec9768d864701becf,Yes,"诊断,现病史",胸科,解剖与病理信息,NSCLC解剖定位,NSCLC_TYPE,按发生部位划分的NSCLC病理分型,NSCLC type,,,,,NSCLC-pd1抑制剂疗效ETT数据集,数据集标准,NSCLC_LX,上海胸科,NSCLC 类型,,SI0100038,,,,,枚举,,,,,,1=中央型;2=周围型;3=其他,否,,,,
206,LI0000023,e521cef29707dd645e2f83aae4c7bcc3d02e8285142e236ec9768d864701becf,Yes,"诊断,现病史",胸科,解剖与病理信息,NSCLC解剖定位,NSCLC_TYPE,按发生部位划分的NSCLC病理分型,NSCLC type,,,,,NSCLC-pd1抑制剂疗效ETT数据集,数据集标准,NSCLC_QTLX,上海胸科,NSCLC 类型（其他）,,SI0100039,,,,,文本,500,,,,,,,,,,
208,LI0000024,21e33adeea0f07e76dd41f776cd25a10c33ca4f1269e57fcc8d008321bd9aef1,Yes,"病理,诊断,现病史",胸科,解剖与病理信息,TNM分期,TNM,国际抗癌协会(UICC)提出的专门用来在癌症治疗过程中确定肿瘤病变范围的分类方法,TNM,,,,,NSCLC-pd1抑制剂疗效ETT数据集,数据集标准,T_STAGE_SH,上海胸科,术后病理yp-TNM分期-T分期,,SI0100391,,,,,枚举,,,,,,1=T0;2=T1a;3=T1b;4=T1c;5=T2a;6=T2b;7=T3;8=T4;9=Tis;10=不详,否,,,,
210,LI0000024,21e33adeea0f07e76dd41f776cd25a10c33ca4f1269e57fcc8d008321bd9aef1,Yes,"病理,诊断,现病史",胸科,解剖与病理信息,TNM分期,TNM,国际抗癌协会(UICC)提出的专门用来在癌症治疗过程中确定肿瘤病变范围的分类方法,TNM,,,,,NSCLC-pd1抑制剂疗效ETT数据集,数据集标准,N_STAGE_SH,上海胸科,术后病理yp-TNM分期-N分期,,SI0100392,,,,,枚举,,,,,,1=N0;2=N1;3=N2;4=N3;5=不详,否,,,,
212,LI0000024,21e33adeea0f07e76dd41f776cd25a10c33ca4f1269e57fcc8d008321bd9aef1,Yes,"病理,诊断,现病史",胸科,解剖与病理信息,TNM分期,TNM,国际抗癌协会(UICC)提出的专门用来在癌症治疗过程中确定肿瘤病变范围的分类方法,TNM,,,,,NSCLC-pd1抑制剂疗效ETT数据集,数据集标准,M_STAGE_BS,上海胸科,非小细胞肺癌TNM 分期_M 远处转移,,SI0100036,,,,,枚举,,,,,,1=M0;2=M1a;3=M1b;4=M1c;5=不详,否,,,,
214,LI0000024,21e33adeea0f07e76dd41f776cd25a10c33ca4f1269e57fcc8d008321bd9aef1,Yes,"病理,诊断,现病史",胸科,解剖与病理信息,TNM分期,TNM,国际抗癌协会(UICC)提出的专门用来在癌症治疗过程中确定肿瘤病变范围的分类方法,TNM,,,,,NSCLC-pd1抑制剂疗效ETT数据集,数据集标准,M_STAGE_SH,上海胸科,术后病理yp-TNM分期-M分期,,SI0100393,,,,,枚举,,,,,,1=M0;2=M1a;3=M1b;4=M1c;5=不详,否,,,,
215,LI0000024,21e33adeea0f07e76dd41f776cd25a10c33ca4f1269e57fcc8d008321bd9aef1,Yes,"病理,诊断,现病史",胸科,解剖与病理信息,TNM分期,TNM,国际抗癌协会(UICC)提出的专门用来在癌症治疗过程中确定肿瘤病变范围的分类方法,TNM,,,,,NSCLC-pd1抑制剂疗效ETT数据集,数据集标准,T_STAGE_SQ,上海胸科,术前TNM 分期_原发肿瘤(T),,SI0100122,,,,,枚举,,,,,,1=T0;2=T1a;3=T1b;4=T1c;5=T2a;6=T2b;7=T3;8=T4;9=Tis;10=不详,否,,,,
216,LI0000024,21e33adeea0f07e76dd41f776cd25a10c33ca4f1269e57fcc8d008321bd9aef1,Yes,"病理,诊断,现病史",胸科,解剖与病理信息,TNM分期,TNM,国际抗癌协会(UICC)提出的专门用来在癌症治疗过程中确定肿瘤病变范围的分类方法,TNM,,,,,NSCLC-pd1抑制剂疗效ETT数据集,数据集标准,N_STAGE_BS,上海胸科,非小细胞肺癌TNM 分期_N 区域淋巴结,,SI0100035,,,,,枚举,,,,,,1=N0;2=N1;3=N2;4=N3;5=不详,否,,,,
217,LI0000024,21e33adeea0f07e76dd41f776cd25a10c33ca4f1269e57fcc8d008321bd9aef1,Yes,"病理,诊断,现病史",胸科,解剖与病理信息,TNM分期,TNM,国际抗癌协会(UICC)提出的专门用来在癌症治疗过程中确定肿瘤病变范围的分类方法,TNM,,,,,NSCLC-pd1抑制剂疗效ETT数据集,数据集标准,T_STAGE_BS,上海胸科,非小细胞肺癌TNM 分期_原发肿瘤(T),,SI0100034,,,,,枚举,,,,,,1=T0;2=T1a;3=T1b;4=T1c;5=T2a;6=T2b;7=T3;8=T4;9=Tis;10=不详,否,,,,
218,LI0000024,21e33adeea0f07e76dd41f776cd25a10c33ca4f1269e57fcc8d008321bd9aef1,Yes,"病理,诊断,现病史",胸科,解剖与病理信息,TNM分期,TNM,国际抗癌协会(UICC)提出的专门用来在癌症治疗过程中确定肿瘤病变范围的分类方法,TNM,,,,,NSCLC-pd1抑制剂疗效ETT数据集,数据集标准,N_STAGE_SQ,上海胸科,术前TNM 分期_N 区域淋巴结,,SI0100123,,,,,枚举,,,,,,1=N0;2=N1;3=N2;4=N3;5=不详,否,,,,
219,LI0000024,21e33adeea0f07e76dd41f776cd25a10c33ca4f1269e57fcc8d008321bd9aef1,Yes,"病理,诊断,现病史",胸科,解剖与病理信息,TNM分期,TNM,国际抗癌协会(UICC)提出的专门用来在癌症治疗过程中确定肿瘤病变范围的分类方法,TNM,,,,,NSCLC-pd1抑制剂疗效ETT数据集,数据集标准,M_STAGE_SQ,上海胸科,术前TNM 分期_M 远处转移,,SI0100124,,,,,枚举,,,,,,1=M0;2=M1a;3=M1b;4=M1c;5=不详,否,,,,
228,LI0000031,254164f78f58662cf63aedf9e243d66c4328906306d3f03203aadbeb4fab88d5,Yes,现病史,"九院,胸科",治疗与操作,放疗标志,RT_HIST,患者是否曾接受过放疗（是/否）,History of Prior Radiotherapy,,,,,NSCLC-pd1抑制剂疗效ETT数据集,数据集标准,FLFA,上海胸科,放疗方案,,SI0100396,,,,,文本,500,,,,,,,,,,
230,LI0000031,254164f78f58662cf63aedf9e243d66c4328906306d3f03203aadbeb4fab88d5,Yes,现病史,"九院,胸科",治疗与操作,放疗标志,RT_HIST,患者是否曾接受过放疗（是/否）,History of Prior Radiotherapy,,,,,NSCLC-pd1抑制剂疗效ETT数据集,数据集标准,SFSHFZFL,上海胸科,是否进行术后辅助放疗,,SI0100395,,,,,枚举,,,,,,1=是;0=否,否,,,,
237,LI0000031,254164f78f58662cf63aedf9e243d66c4328906306d3f03203aadbeb4fab88d5,Yes,现病史,"九院,胸科",治疗与操作,放疗标志,RT_HIST,患者是否曾接受过放疗（是/否）,History of Prior Radiotherapy,,,,,NSCLC-pd1抑制剂疗效ETT数据集,数据集标准,SFFL_KZL,上海胸科,是否接受抗肿瘤放疗治疗,,SI0100475,,,,,枚举,,,,,,1=是;0=否,否,,,,
239,LI0000031,254164f78f58662cf63aedf9e243d66c4328906306d3f03203aadbeb4fab88d5,Yes,现病史,"九院,胸科",治疗与操作,放疗标志,RT_HIST,患者是否曾接受过放疗（是/否）,History of Prior Radiotherapy,,,,,NSCLC-pd1抑制剂疗效ETT数据集,数据集标准,KZLZLLX,上海胸科,既往的抗肿瘤治疗类型,,SI0100060,,,,,枚举,,,,,,1=系统治疗;2=局部治疗;3=其它治疗,是,,,,
241,LI0000032,cb810ad93b4ec8af2b19c677665e114a387d2ca4c15827880f42b3e296e50190,Yes,现病史,"九院,胸科",治疗与操作,放疗时间,RT_DATE,放疗开始或结束的具体日期,Date of Prior Radiotherapy,,,,,NSCLC-pd1抑制剂疗效ETT数据集,数据集标准,ZLJSRQ,上海胸科,受试者结束治疗日期,,SI0100404,,,,,日期/时间,,,,,yyyy-MM-dd,,,,,,
244,LI0000032,cb810ad93b4ec8af2b19c677665e114a387d2ca4c15827880f42b3e296e50190,Yes,现病史,"九院,胸科",治疗与操作,放疗时间,RT_DATE,放疗开始或结束的具体日期,Date of Prior Radiotherapy,,,,,NSCLC-pd1抑制剂疗效ETT数据集,数据集标准,FLFA,上海胸科,放疗方案,,SI0100396,,,,,文本,500,,,,,,,,,,
247,LI0000034,80b246e5e7956926ad6d535b55509e471ee349176ec21e3d7e5f91c10935b2f2,Yes,现病史,"九院,胸科",治疗与操作,放疗剂量,RT_MODALITY,放疗的具体方式，如“三维适形放疗”、“调强放疗（IMRT）”等,Prior Radiotherapy Modality,,,,,NSCLC-pd1抑制剂疗效ETT数据集,数据集标准,FLJL,上海胸科,放疗剂量,,SI0100398,,,,,文本,100,,,,,,,,,,
255,LI0000034,80b246e5e7956926ad6d535b55509e471ee349176ec21e3d7e5f91c10935b2f2,Yes,现病史,"九院,胸科",治疗与操作,放疗剂量,RT_MODALITY,放疗的具体方式，如“三维适形放疗”、“调强放疗（IMRT）”等,Prior Radiotherapy Modality,,,,,NSCLC-pd1抑制剂疗效ETT数据集,数据集标准,FLFS,上海胸科,放疗方式,,SI0100478,,,,,枚举,,,,,,1=二维常规放疗（2D-RT）;2=三维适形放疗（3D-CRT）;3=调强放疗;4=影像引导放疗（IGRT）;5=立体定向放疗;6=粒子放疗;7=特殊照射技术;9=其它,否,,,,
256,LI0000034,80b246e5e7956926ad6d535b55509e471ee349176ec21e3d7e5f91c10935b2f2,Yes,现病史,"九院,胸科",治疗与操作,放疗剂量,RT_MODALITY,放疗的具体方式，如“三维适形放疗”、“调强放疗（IMRT）”等,Prior Radiotherapy Modality,,,,,NSCLC-pd1抑制剂疗效ETT数据集,数据集标准,FLFA,上海胸科,放疗方案,,SI0100396,,,,,文本,500,,,,,,,,,,
258,LI0000034,80b246e5e7956926ad6d535b55509e471ee349176ec21e3d7e5f91c10935b2f2,Yes,现病史,"九院,胸科",治疗与操作,放疗剂量,RT_MODALITY,放疗的具体方式，如“三维适形放疗”、“调强放疗（IMRT）”等,Prior Radiotherapy Modality,,,,,NSCLC-pd1抑制剂疗效ETT数据集,数据集标准,FLQTDW,上海胸科,放疗单位（其它）,,SI0100400,,,,,文本,10,,,,,,,,,,
260,LI0000034,80b246e5e7956926ad6d535b55509e471ee349176ec21e3d7e5f91c10935b2f2,Yes,现病史,"九院,胸科",治疗与操作,放疗剂量,RT_MODALITY,放疗的具体方式，如“三维适形放疗”、“调强放疗（IMRT）”等,Prior Radiotherapy Modality,,,,,NSCLC-pd1抑制剂疗效ETT数据集,数据集标准,FLDW,上海胸科,放疗单位,,SI0100399,,,,,枚举,,,,,,1=Gy;2=cGy;3=其它,否,,,,
262,LI0000036,f01f73084908432d1fae36d253faf67be6ccef8354f7b34086173dff847d1a15,Yes,"现病史-分段,现病史,既往史",胸科,治疗与操作,治疗方案,TREAT_PLAN,根据患者的具体病情、健康状况及个体差异，由医疗团队制定的一套全面的治疗计划,Treatment Plan,,,,,NSCLC-pd1抑制剂疗效ETT数据集,数据集标准,SFJSKZLYWZL,上海胸科,是否接受抗肿瘤药物治疗,,SI0100456,,,,,枚举,,,,,,1=是;0=否,否,,,,
264,LI0000036,f01f73084908432d1fae36d253faf67be6ccef8354f7b34086173dff847d1a15,Yes,"现病史-分段,现病史,既往史",胸科,治疗与操作,治疗方案,TREAT_PLAN,根据患者的具体病情、健康状况及个体差异，由医疗团队制定的一套全面的治疗计划,Treatment Plan,,,,,NSCLC-pd1抑制剂疗效ETT数据集,数据集标准,ZLFA_QT,上海胸科,后续抗肿瘤其它治疗方案,,SI0100487,,,,,文本,500,,,,,,,,,,
266,LI0000036,f01f73084908432d1fae36d253faf67be6ccef8354f7b34086173dff847d1a15,Yes,"现病史-分段,现病史,既往史",胸科,治疗与操作,治疗方案,TREAT_PLAN,根据患者的具体病情、健康状况及个体差异，由医疗团队制定的一套全面的治疗计划,Treatment Plan,,,,,NSCLC-pd1抑制剂疗效ETT数据集,数据集标准,SFJSQSZL,上海胸科,既往是否接受过全身抗非小细胞肺癌的治疗,,SI0100059,,,,,枚举,,,,,,1=是;0=否,否,,,,
268,LI0000036,f01f73084908432d1fae36d253faf67be6ccef8354f7b34086173dff847d1a15,Yes,"现病史-分段,现病史,既往史",胸科,治疗与操作,治疗方案,TREAT_PLAN,根据患者的具体病情、健康状况及个体差异，由医疗团队制定的一套全面的治疗计划,Treatment Plan,,,,,NSCLC-pd1抑制剂疗效ETT数据集,数据集标准,ZLMC,上海胸科,治疗名称,,SI0100427,,,,,文本,200,,,,,,,,,,
270,LI0000036,f01f73084908432d1fae36d253faf67be6ccef8354f7b34086173dff847d1a15,Yes,"现病史-分段,现病史,既往史",胸科,治疗与操作,治疗方案,TREAT_PLAN,根据患者的具体病情、健康状况及个体差异，由医疗团队制定的一套全面的治疗计划,Treatment Plan,,,,,NSCLC-pd1抑制剂疗效ETT数据集,数据集标准,KZLZLLX,上海胸科,既往的抗肿瘤治疗类型,,SI0100060,,,,,枚举,,,,,,1=系统治疗;2=局部治疗;3=其它治疗,是,,,,
272,LI0000036,f01f73084908432d1fae36d253faf67be6ccef8354f7b34086173dff847d1a15,Yes,"现病史-分段,现病史,既往史",胸科,治疗与操作,治疗方案,TREAT_PLAN,根据患者的具体病情、健康状况及个体差异，由医疗团队制定的一套全面的治疗计划,Treatment Plan,,,,,NSCLC-pd1抑制剂疗效ETT数据集,数据集标准,FLFA,上海胸科,放疗方案,,SI0100396,,,,,文本,500,,,,,,,,,,
274,LI0000036,f01f73084908432d1fae36d253faf67be6ccef8354f7b34086173dff847d1a15,Yes,"现病史-分段,现病史,既往史",胸科,治疗与操作,治疗方案,TREAT_PLAN,根据患者的具体病情、健康状况及个体差异，由医疗团队制定的一套全面的治疗计划,Treatment Plan,,,,,NSCLC-pd1抑制剂疗效ETT数据集,数据集标准,SFJSKZLQTZL,上海胸科,是否接受抗肿瘤其它治疗,,SI0100486,,,,,枚举,,,,,,1=是;0=否,否,,,,
276,LI0000036,f01f73084908432d1fae36d253faf67be6ccef8354f7b34086173dff847d1a15,Yes,"现病史-分段,现病史,既往史",胸科,治疗与操作,治疗方案,TREAT_PLAN,根据患者的具体病情、健康状况及个体差异，由医疗团队制定的一套全面的治疗计划,Treatment Plan,,,,,NSCLC-pd1抑制剂疗效ETT数据集,数据集标准,ZLFA,上海胸科,后续抗肿瘤药物治疗方案,,SI0100457,,,,,文本,500,,,,,,,,,,
277,LI0000036,f01f73084908432d1fae36d253faf67be6ccef8354f7b34086173dff847d1a15,Yes,"现病史-分段,现病史,既往史",胸科,治疗与操作,治疗方案,TREAT_PLAN,根据患者的具体病情、健康状况及个体差异，由医疗团队制定的一套全面的治疗计划,Treatment Plan,,,,,NSCLC-pd1抑制剂疗效ETT数据集,数据集标准,SFFL_KZL,上海胸科,是否接受抗肿瘤放疗治疗,,SI0100475,,,,,枚举,,,,,,1=是;0=否,否,,,,
292,LI0000041,48d8a23056ae331dd3dbfef56d00855f30db5602b20e8ec2ea70efbae9eae529,Yes,现病史,胸科,治疗与操作,用药频率,FREQ_MED,服用药物的频率,Frequency of medication,,,,,NSCLC-pd1抑制剂疗效ETT数据集,数据集标准,GYPL,上海胸科,给药频率,,SI0100419,,,,,枚举,,,,,,1=QD;2=BID;3=TID;4=QID;5=q12h;6=q8h;7=q6h;8=qw;9=biw;10=prn;11=sos;12=st;99=其它,否,,,,
294,LI0000041,48d8a23056ae331dd3dbfef56d00855f30db5602b20e8ec2ea70efbae9eae529,Yes,现病史,胸科,治疗与操作,用药频率,FREQ_MED,服用药物的频率,Frequency of medication,,,,,NSCLC-pd1抑制剂疗效ETT数据集,数据集标准,GYZQ,上海胸科,给药周期,,SI0100465,,,,,文本,100,,,,,,,,,,
296,LI0000041,48d8a23056ae331dd3dbfef56d00855f30db5602b20e8ec2ea70efbae9eae529,Yes,现病史,胸科,治疗与操作,用药频率,FREQ_MED,服用药物的频率,Frequency of medication,,,,,NSCLC-pd1抑制剂疗效ETT数据集,数据集标准,GYQTPL,上海胸科,既往及合并用药给药频率（其它）,,SI0100420,,,,,文本,100,,,,,,,,,,
298,LI0000041,48d8a23056ae331dd3dbfef56d00855f30db5602b20e8ec2ea70efbae9eae529,Yes,现病史,胸科,治疗与操作,用药频率,FREQ_MED,服用药物的频率,Frequency of medication,,,,,NSCLC-pd1抑制剂疗效ETT数据集,数据集标准,GYQTPL_KZL,上海胸科,后续抗肿瘤药物给药频率（其它）,,SI0100462,,,,,文本,100,,,,,,,,,,
299,LI0000042,c9d7252ae6ad4f0fd9cae9489bad826af9d587b037317d1dddfdd8eeaac2a4b9,Yes,现病史,胸科,治疗与操作,用药途径,ROUTE_ADMINI,服用药物的途径,route of administration,,,,,NSCLC-pd1抑制剂疗效ETT数据集,数据集标准,GYQTTJ,上海胸科,既往及合并用药给药途径（其它）,,SI0100422,,,,,文本,100,,,,,,,,,,
301,LI0000042,c9d7252ae6ad4f0fd9cae9489bad826af9d587b037317d1dddfdd8eeaac2a4b9,Yes,现病史,胸科,治疗与操作,用药途径,ROUTE_ADMINI,服用药物的途径,route of administration,,,,,NSCLC-pd1抑制剂疗效ETT数据集,数据集标准,GYTJ_KZL,上海胸科,后续抗肿瘤药物给药途径,,SI0100463,,,,,枚举,,,,,,1=口服;2=肌肉注射;3=静脉注射;4=静脉滴注;5=其它,否,,,,
303,LI0000042,c9d7252ae6ad4f0fd9cae9489bad826af9d587b037317d1dddfdd8eeaac2a4b9,Yes,现病史,胸科,治疗与操作,用药途径,ROUTE_ADMINI,服用药物的途径,route of administration,,,,,NSCLC-pd1抑制剂疗效ETT数据集,数据集标准,GYTJ,上海胸科,既往及合并用药给药途径,,SI0100421,,,,,枚举,,,,,,1=口服;2=肌肉注射;3=静脉注射;4=静脉滴注;5=其它,否,,,,
304,LI0000042,c9d7252ae6ad4f0fd9cae9489bad826af9d587b037317d1dddfdd8eeaac2a4b9,Yes,现病史,胸科,治疗与操作,用药途径,ROUTE_ADMINI,服用药物的途径,route of administration,,,,,NSCLC-pd1抑制剂疗效ETT数据集,数据集标准,GYQTTJ_KZL,上海胸科,后续抗肿瘤药物给药途径（其它）,,SI0100464,,,,,文本,100,,,,,,,,,,
305,LI0000043,acdfb19f71c40e7b4afc7bf5b2c7c219fffdd0a88f7057e37e79455cee25ccac,Yes,现病史,胸科,治疗与操作,用药剂量,DOSAGE,复用药物的量,Dosage,,,,,NSCLC-pd1抑制剂疗效ETT数据集,数据集标准,DCJL,上海胸科,既往及合并用药单次剂量,,SI0100416,,,,,文本,100,,,,,,,,,,
307,LI0000043,acdfb19f71c40e7b4afc7bf5b2c7c219fffdd0a88f7057e37e79455cee25ccac,Yes,现病史,胸科,治疗与操作,用药剂量,DOSAGE,复用药物的量,Dosage,,,,,NSCLC-pd1抑制剂疗效ETT数据集,数据集标准,JLDW_KZL,上海胸科,后续抗肿瘤药物剂量单位,,SI0100460,,,,,枚举,,,,,,1=mg;2=g;3=μg;4=mL,否,,,,
309,LI0000043,acdfb19f71c40e7b4afc7bf5b2c7c219fffdd0a88f7057e37e79455cee25ccac,Yes,现病史,胸科,治疗与操作,用药剂量,DOSAGE,复用药物的量,Dosage,,,,,NSCLC-pd1抑制剂疗效ETT数据集,数据集标准,JLQTDW_KZL,上海胸科,后续抗肿瘤药物剂量单位（其它）,,SI0100461,,,,,文本,100,,,,,,,,,,
311,LI0000043,acdfb19f71c40e7b4afc7bf5b2c7c219fffdd0a88f7057e37e79455cee25ccac,Yes,现病史,胸科,治疗与操作,用药剂量,DOSAGE,复用药物的量,Dosage,,,,,NSCLC-pd1抑制剂疗效ETT数据集,数据集标准,DCJL_KZL,上海胸科,后续抗肿瘤药物单次剂量,,SI0100459,,,,,文本,100,,,,,,,,,,
312,LI0000043,acdfb19f71c40e7b4afc7bf5b2c7c219fffdd0a88f7057e37e79455cee25ccac,Yes,现病史,胸科,治疗与操作,用药剂量,DOSAGE,复用药物的量,Dosage,,,,,NSCLC-pd1抑制剂疗效ETT数据集,数据集标准,FLDCJL,上海胸科,后续抗肿瘤放疗单次剂量,,SI0100481,,,,,小数,,5,1,/,,,,,,,
314,LI0000043,acdfb19f71c40e7b4afc7bf5b2c7c219fffdd0a88f7057e37e79455cee25ccac,Yes,现病史,胸科,治疗与操作,用药剂量,DOSAGE,复用药物的量,Dosage,,,,,NSCLC-pd1抑制剂疗效ETT数据集,数据集标准,JLQTDW,上海胸科,既往及合并用药剂量单位（其它）,,SI0100418,,,,,文本,100,,,,,,,,,,
315,LI0000043,acdfb19f71c40e7b4afc7bf5b2c7c219fffdd0a88f7057e37e79455cee25ccac,Yes,现病史,胸科,治疗与操作,用药剂量,DOSAGE,复用药物的量,Dosage,,,,,NSCLC-pd1抑制剂疗效ETT数据集,数据集标准,JLDW,上海胸科,既往及合并用药剂量单位,,SI0100417,,,,,枚举,,,,,,1=mg;2=g;3=μg;4=mL,否,,,,
500,LI0000052,343bbf1cb66559235d0b8dce4d8533ba8bd1595b993f00bea7bc2f50e8396939,Yes,"病理,诊断,现病史",胸科,检查与检测,基因突变检测项目,GENE_MUTATION_PANEL,指用于检测肿瘤或遗传病相关基因突变的检测项目集合，如EGFR、KRAS、TP53、BRCA1/2等。,Gene Mutation Testing Panel,,,,,NSCLC-pd1抑制剂疗效ETT数据集,数据集标准,ALKRHJG,上海胸科,ALK融合结果,,SI0100057,,,,,枚举,,,,,,1=阳性;0=阴性;9=未做,否,,,,
502,LI0000052,343bbf1cb66559235d0b8dce4d8533ba8bd1595b993f00bea7bc2f50e8396939,Yes,"病理,诊断,现病史",胸科,检查与检测,基因突变检测项目,GENE_MUTATION_PANEL,指用于检测肿瘤或遗传病相关基因突变的检测项目集合，如EGFR、KRAS、TP53、BRCA1/2等。,Gene Mutation Testing Panel,,,,,NSCLC-pd1抑制剂疗效ETT数据集,数据集标准,MGEGFRTB,上海胸科,是否有敏感EGFR突变,,SI0100058,,,,,枚举,,,,,,1=是;0=否;9=未做,否,,,,
504,LI0000053,5d375065d078bb750a4afe482f9ae62752f3028caacecaca4e591a373b4906ea,Yes,"病理,诊断,现病史",胸科,检查与检测,基因突变检测结果,MUTATION_RESULT,指基因检测报告中对是否存在突变及其类型的描述，如野生型、突变型、未知等。,Mutation Test Result,,,,,NSCLC-pd1抑制剂疗效ETT数据集,数据集标准,MGEGFRTB,上海胸科,是否有敏感EGFR突变,,SI0100058,,,,,枚举,,,,,,1=是;0=否;9=未做,否,,,,
506,LI0000053,5d375065d078bb750a4afe482f9ae62752f3028caacecaca4e591a373b4906ea,Yes,"病理,诊断,现病史",胸科,检查与检测,基因突变检测结果,MUTATION_RESULT,指基因检测报告中对是否存在突变及其类型的描述，如野生型、突变型、未知等。,Mutation Test Result,,,,,NSCLC-pd1抑制剂疗效ETT数据集,数据集标准,ALKRHJG,上海胸科,ALK融合结果,,SI0100057,,,,,枚举,,,,,,1=阳性;0=阴性;9=未做,否,,,,
508,LI0000054,42dd0c51545b6a513d306e34f0d819162fb080c9fa9f9bea0ebe3a235f07c674,Yes,"病理,诊断,现病史",胸科,检查与检测,PDL1TPS评分,PDL1TPS,肿瘤细胞的PD-L1表达水平，PD-L1阳性的肿瘤细胞数除以总肿瘤细胞数并乘以100,PDL1TPS,,,,,NSCLC-pd1抑制剂疗效ETT数据集,数据集标准,ZLXBYXBL,上海胸科,PD-L1染色TC（肿瘤细胞阳性比例）,,SI0100055,,,,,小数,,3,1,%,,,,,,,
510,LI0000054,42dd0c51545b6a513d306e34f0d819162fb080c9fa9f9bea0ebe3a235f07c674,Yes,"病理,诊断,现病史",胸科,检查与检测,PDL1TPS评分,PDL1TPS,肿瘤细胞的PD-L1表达水平，PD-L1阳性的肿瘤细胞数除以总肿瘤细胞数并乘以100,PDL1TPS,,,,,NSCLC-pd1抑制剂疗效ETT数据集,数据集标准,PDL1BD,上海胸科,PD-L1表达,,SI0100056,,,,,枚举,,,,,,1=TC≥1%;2=TC<1%或不可评估,否,,,,
511,LI0000054,42dd0c51545b6a513d306e34f0d819162fb080c9fa9f9bea0ebe3a235f07c674,Yes,"病理,诊断,现病史",胸科,检查与检测,PDL1TPS评分,PDL1TPS,肿瘤细胞的PD-L1表达水平，PD-L1阳性的肿瘤细胞数除以总肿瘤细胞数并乘以100,PDL1TPS,,,,,NSCLC-pd1抑制剂疗效ETT数据集,数据集标准,JCJGSFKPG,上海胸科,PD-L1检测结果是否可评估,,SI0100054,,,,,枚举,,,,,,1=是;0=否,否,,,,
538,LI0000062,e9e2ee3c9aee550c0a1d6da2890444e98ad51948aae79a2bee9e0314f57ddd69,Yes,"个人史,现病史,既往史",胸科,个人基本信息,吸烟时长,SMK_DURATION,指个人持续吸烟的时间长度，通常以年为单位计算。,Duration of Smoking,,,,,NSCLC-pd1抑制剂疗效ETT数据集,数据集标准,YXNS,上海胸科,吸烟史年数,,SI0100008,,,,,小数,,3,1,年,,,,,,,
540,LI0000062,e9e2ee3c9aee550c0a1d6da2890444e98ad51948aae79a2bee9e0314f57ddd69,Yes,"个人史,现病史,既往史",胸科,个人基本信息,吸烟时长,SMK_DURATION,指个人持续吸烟的时间长度，通常以年为单位计算。,Duration of Smoking,,,,,NSCLC-pd1抑制剂疗效ETT数据集,数据集标准,JWYXNS,上海胸科,既往吸烟史年数,,SI0100011,,,,,小数,,3,1,年,,,,,,,
541,LI0000063,3c863179ca21831f83d49fbb46fef4754b80e80c356250a162d8b866769ddbe9,Yes,"入院记录,个人史,现病史,既往史","东肝,胸科",个人基本信息,吸烟量,SMK_QUANTITY,个人每天平均吸烟的数量，通常用“支/天”来表示。,Smoking Quantity (per day),吸烟频率,,,,NSCLC-pd1抑制剂疗效ETT数据集,数据集标准,PJXYL,上海胸科,平均每天吸烟量,,SI0100009,,,,,整数,,5,,支,,,,,,,
543,LI0000063,3c863179ca21831f83d49fbb46fef4754b80e80c356250a162d8b866769ddbe9,Yes,"入院记录,个人史,现病史,既往史","东肝,胸科",个人基本信息,吸烟量,SMK_QUANTITY,个人每天平均吸烟的数量，通常用“支/天”来表示。,Smoking Quantity (per day),吸烟频率,,,,NSCLC-pd1抑制剂疗效ETT数据集,数据集标准,JWPJXYL,上海胸科,既往平均每天吸烟量,,SI0100012,,,,,整数,,5,,支,,,,,,,
548,LI0000064,d02c14f30645c06faedf443e342304484aa1039c5bde283973f85a6d97bfade4,Yes,"入院记录,个人史,现病史,既往史","东肝,胸科",个人基本信息,戒烟标志,QUIT_SMK_IND,标记个人是否已经停止吸烟，是一个布尔值（是/否）。,Smoking Cessation Indicator,,,,,NSCLC-pd1抑制剂疗效ETT数据集,数据集标准,XYZT,上海胸科,吸烟状态,,SI0100006,,,,,枚举,,,,,,1=不吸烟;2=吸烟者;3=戒烟者,否,,,,
550,LI0000065,b5d3e1396f9400bf7d61a9cb979d27cefe4284dc1a8d0cdb7244ba2bebab534f,Yes,"个人史,现病史,既往史",胸科,个人基本信息,戒烟日期,QUIT_SMK_DATE,如果个人已戒烟，则记录其最后一次吸烟的日期。,Date of Smoking Cessation,,,,,NSCLC-pd1抑制剂疗效ETT数据集,数据集标准,JWYXNS,上海胸科,既往吸烟史年数,,SI0100011,,,,,小数,,3,1,年,,,,,,,
552,LI0000065,b5d3e1396f9400bf7d61a9cb979d27cefe4284dc1a8d0cdb7244ba2bebab534f,Yes,"个人史,现病史,既往史",胸科,个人基本信息,戒烟日期,QUIT_SMK_DATE,如果个人已戒烟，则记录其最后一次吸烟的日期。,Date of Smoking Cessation,,,,,NSCLC-pd1抑制剂疗效ETT数据集,数据集标准,XYSZZXYSJ,上海胸科,停止吸烟日期,,SI0100010,,,,,日期/时间,,,,,yyyy-MM-dd,,,,,,
554,LI0000065,b5d3e1396f9400bf7d61a9cb979d27cefe4284dc1a8d0cdb7244ba2bebab534f,Yes,"个人史,现病史,既往史",胸科,个人基本信息,戒烟日期,QUIT_SMK_DATE,如果个人已戒烟，则记录其最后一次吸烟的日期。,Date of Smoking Cessation,,,,,NSCLC-pd1抑制剂疗效ETT数据集,数据集标准,YXNS,上海胸科,吸烟史年数,,SI0100008,,,,,小数,,3,1,年,,,,,,,
555,LI0000067,4a6b66464711eeeaef358fb0d14469b380163a1184a61b39cc27917b11330279,Yes,"入院记录,个人史,现病史,既往史","东肝,胸科",个人基本信息,饮酒量,ALCOHOL_QUANTITY,个人平均每周或每月饮酒的数量，可以按照标准饮品单位来衡量。,Alcohol Consumption Level,,,,,NSCLC-pd1抑制剂疗效ETT数据集,数据集标准,JWPJYJL,上海胸科,既往平均每天饮酒量,,SI0100018,,,,,整数,,5,,ml,,,,,,,
557,LI0000067,4a6b66464711eeeaef358fb0d14469b380163a1184a61b39cc27917b11330279,Yes,"入院记录,个人史,现病史,既往史","东肝,胸科",个人基本信息,饮酒量,ALCOHOL_QUANTITY,个人平均每周或每月饮酒的数量，可以按照标准饮品单位来衡量。,Alcohol Consumption Level,,,,,NSCLC-pd1抑制剂疗效ETT数据集,数据集标准,PJYJL,上海胸科,平均每天饮酒量,,SI0100015,,,,,整数,,5,,ml,,,,,,,
562,LI0000068,57d7c88ca9b001d9a6384a937425ade42c15785c486916483824a0eb8c68c0bf,Yes,"入院记录,个人史,现病史,既往史","东肝,胸科",个人基本信息,戒酒标志,QUIT_ALC_IND,标记个人是否已经停止饮酒，是一个布尔值（是/否）。,Alcohol Cessation Indicator,,,,,NSCLC-pd1抑制剂疗效ETT数据集,数据集标准,YJZT,上海胸科,饮酒状态,,SI0100013,,,,,枚举,,,,,,1=不饮酒;2=现在饮酒;3=已戒酒,否,,,,
564,LI0000069,f42c46ca64b618c3e5864d4954e6d24e43ca272d9565a92f343184e59ed31be1,Yes,"个人史,现病史,既往史",胸科,个人基本信息,戒酒日期,QUIT_ALC_DATE,如果个人已戒酒，则记录其最后一次饮酒的日期。,Date of Alcohol Cessation,,,,,NSCLC-pd1抑制剂疗效ETT数据集,数据集标准,YYNS,上海胸科,饮酒年数,,SI0100014,,,,,小数,,3,1,年,,,,,,,
566,LI0000069,f42c46ca64b618c3e5864d4954e6d24e43ca272d9565a92f343184e59ed31be1,Yes,"个人史,现病史,既往史",胸科,个人基本信息,戒酒日期,QUIT_ALC_DATE,如果个人已戒酒，则记录其最后一次饮酒的日期。,Date of Alcohol Cessation,,,,,NSCLC-pd1抑制剂疗效ETT数据集,数据集标准,JWYYNS,上海胸科,既往饮酒年数,,SI0100017,,,,,小数,,3,1,年,,,,,,,
567,LI0000069,f42c46ca64b618c3e5864d4954e6d24e43ca272d9565a92f343184e59ed31be1,Yes,"个人史,现病史,既往史",胸科,个人基本信息,戒酒日期,QUIT_ALC_DATE,如果个人已戒酒，则记录其最后一次饮酒的日期。,Date of Alcohol Cessation,,,,,NSCLC-pd1抑制剂疗效ETT数据集,数据集标准,YJSZZYJSJ,上海胸科,停止饮酒日期,,SI0100016,,,,,日期/时间,,,,,yyyy-MM-dd,,,,,,
573,LI0000071,f34485a74a73dad236274f48bfc69bc0460225bcd24258b5ea32969bbef794d8,Yes,"入院记录,个人史,现病史,既往史","东肝,胸科",个人基本信息,饮酒标志,ALC_STAT,描述个人是否饮酒的状态。,Alcohol Status,"饮酒情况, 饮酒史",,,,NSCLC-pd1抑制剂疗效ETT数据集,数据集标准,YJZT,上海胸科,饮酒状态,,SI0100013,,,,,枚举,,,,,,1=不饮酒;2=现在饮酒;3=已戒酒,否,,,,
590,LI0000074,0c68633db6e10248756c6edb0df0e2dbf47319573f3fcc849eb0f800e7545a36,Yes,"入院记录,个人史,现病史,既往史","东肝,胸科",个人基本信息,吸烟标志,SSMK_STAT,描述个人是否吸烟的状态，如从不吸烟者、现在吸烟者、曾经吸烟者等。,Smoking Status,吸烟情况,,,,NSCLC-pd1抑制剂疗效ETT数据集,数据集标准,XYZT,上海胸科,吸烟状态,,SI0100006,,,,,枚举,,,,,,1=不吸烟;2=吸烟者;3=戒烟者,否,,,,
604,LI0000077,e79712fd7b98651a45376163a058a009676827f2b4cb015364fe0f861c47581c,Yes,"病理,病理诊断,诊断,病理检查","东肝,九院,胸科",健康问题与诊断,切缘情况,MARGIN_STATUS,描述手术切除边缘的状态，包括是否含有癌细胞。,Margin Status,"切缘,切缘描述",,,,NSCLC-pd1抑制剂疗效ETT数据集,数据集标准,SSSFWQXQC,上海胸科,手术是否是完全性切除,,SI0100375,,,,,枚举,,,,,,1=是;0=否,否,,,,
709,LI0000104,687dcdf2260b6d64bd122a293fb15042abb905ae32ab88145125d7ff55e7322e,Yes,"入院记录,现病史","东肝,胸科",检查与检测,检查日期,EXAM_DATE,进行上述辅助检查的具体日期。,Examination Date,,,,,NSCLC-pd1抑制剂疗效ETT数据集,数据集标准,JCSJ_JHW1,上海胸科,计划外生命体征检查时间,,SI0100192,,,,,日期/时间,,,,,HH:mm:ss,,,,,,
711,LI0000104,687dcdf2260b6d64bd122a293fb15042abb905ae32ab88145125d7ff55e7322e,Yes,"入院记录,现病史","东肝,胸科",检查与检测,检查日期,EXAM_DATE,进行上述辅助检查的具体日期。,Examination Date,,,,,NSCLC-pd1抑制剂疗效ETT数据集,数据集标准,CJRQ_XSH,上海胸科,采样日期-血生化,,SI0100272,,,,,日期/时间,,,,,yyyy-MM-dd,,,,,,
713,LI0000104,687dcdf2260b6d64bd122a293fb15042abb905ae32ab88145125d7ff55e7322e,Yes,"入院记录,现病史","东肝,胸科",检查与检测,检查日期,EXAM_DATE,进行上述辅助检查的具体日期。,Examination Date,,,,,NSCLC-pd1抑制剂疗效ETT数据集,数据集标准,CJRQ_NXGN,上海胸科,采样日期-凝血功能,,SI0100308,,,,,日期/时间,,,,,yyyy-MM-dd,,,,,,
714,LI0000104,687dcdf2260b6d64bd122a293fb15042abb905ae32ab88145125d7ff55e7322e,Yes,"入院记录,现病史","东肝,胸科",检查与检测,检查日期,EXAM_DATE,进行上述辅助检查的具体日期。,Examination Date,,,,,NSCLC-pd1抑制剂疗效ETT数据集,数据集标准,JCRQ_XDT,上海胸科,12导联心电图检查日期,,SI0100213,,,,,日期/时间,,,,,yyyy-MM-dd,,,,,,
722,LI0000104,687dcdf2260b6d64bd122a293fb15042abb905ae32ab88145125d7ff55e7322e,Yes,"入院记录,现病史","东肝,胸科",检查与检测,检查日期,EXAM_DATE,进行上述辅助检查的具体日期。,Examination Date,,,,,NSCLC-pd1抑制剂疗效ETT数据集,数据集标准,CJRQ_XCG,上海胸科,采样日期-血常规,,SI0100255,,,,,日期/时间,,,,,yyyy-MM-dd,,,,,,
723,LI0000104,687dcdf2260b6d64bd122a293fb15042abb905ae32ab88145125d7ff55e7322e,Yes,"入院记录,现病史","东肝,胸科",检查与检测,检查日期,EXAM_DATE,进行上述辅助检查的具体日期。,Examination Date,,,,,NSCLC-pd1抑制剂疗效ETT数据集,数据集标准,JCRQ_TGJC2,上海胸科,安全性访视体格检查日期,,SI0100171,,,,,日期/时间,,,,,yyyy-MM-dd,,,,,,
724,LI0000104,687dcdf2260b6d64bd122a293fb15042abb905ae32ab88145125d7ff55e7322e,Yes,"入院记录,现病史","东肝,胸科",检查与检测,检查日期,EXAM_DATE,进行上述辅助检查的具体日期。,Examination Date,,,,,NSCLC-pd1抑制剂疗效ETT数据集,数据集标准,JCSJ_JHN,上海胸科,生命体征检查时间,,SI0100180,,,,,日期/时间,,,,,HH:mm:ss,,,,,,
725,LI0000104,687dcdf2260b6d64bd122a293fb15042abb905ae32ab88145125d7ff55e7322e,Yes,"入院记录,现病史","东肝,胸科",检查与检测,检查日期,EXAM_DATE,进行上述辅助检查的具体日期。,Examination Date,,,,,NSCLC-pd1抑制剂疗效ETT数据集,数据集标准,JCRQ_XCS,上海胸科,超声心动图检查日期,,SI0100221,,,,,日期/时间,,,,,yyyy-MM-dd,,,,,,
726,LI0000104,687dcdf2260b6d64bd122a293fb15042abb905ae32ab88145125d7ff55e7322e,Yes,"入院记录,现病史","东肝,胸科",检查与检测,检查日期,EXAM_DATE,进行上述辅助检查的具体日期。,Examination Date,,,,,NSCLC-pd1抑制剂疗效ETT数据集,数据集标准,JCRQ_TGJC1,上海胸科,体格检查日期,,SI0100138,,,,,日期/时间,,,,,yyyy-MM-dd,,,,,,
727,LI0000104,687dcdf2260b6d64bd122a293fb15042abb905ae32ab88145125d7ff55e7322e,Yes,"入院记录,现病史","东肝,胸科",检查与检测,检查日期,EXAM_DATE,进行上述辅助检查的具体日期。,Examination Date,,,,,NSCLC-pd1抑制剂疗效ETT数据集,数据集标准,JCRQ_ECOG,上海胸科,ECOG检查日期,,SI0100209,,,,,日期/时间,,,,,yyyy-MM-dd,,,,,,
728,LI0000104,687dcdf2260b6d64bd122a293fb15042abb905ae32ab88145125d7ff55e7322e,Yes,"入院记录,现病史","东肝,胸科",检查与检测,检查日期,EXAM_DATE,进行上述辅助检查的具体日期。,Examination Date,,,,,NSCLC-pd1抑制剂疗效ETT数据集,数据集标准,JCRQ_FBBZ,上海胸科,非靶病灶检查日期,,SI0100082,,,,,日期/时间,,,,,yyyy-MM-dd,,,,,,
729,LI0000104,687dcdf2260b6d64bd122a293fb15042abb905ae32ab88145125d7ff55e7322e,Yes,"入院记录,现病史","东肝,胸科",检查与检测,检查日期,EXAM_DATE,进行上述辅助检查的具体日期。,Examination Date,,,,,NSCLC-pd1抑制剂疗效ETT数据集,数据集标准,JCRQ_BBZ,上海胸科,靶病灶检查日期,,SI0100068,,,,,日期/时间,,,,,yyyy-MM-dd,,,,,,
730,LI0000104,687dcdf2260b6d64bd122a293fb15042abb905ae32ab88145125d7ff55e7322e,Yes,"入院记录,现病史","东肝,胸科",检查与检测,检查日期,EXAM_DATE,进行上述辅助检查的具体日期。,Examination Date,,,,,NSCLC-pd1抑制剂疗效ETT数据集,数据集标准,PGRQ_SH,上海胸科,术后评估日期,,SI0100109,,,,,日期/时间,,,,,yyyy-MM-dd,,,,,,
732,LI0000104,687dcdf2260b6d64bd122a293fb15042abb905ae32ab88145125d7ff55e7322e,Yes,"入院记录,现病史","东肝,胸科",检查与检测,检查日期,EXAM_DATE,进行上述辅助检查的具体日期。,Examination Date,,,,,NSCLC-pd1抑制剂疗效ETT数据集,数据集标准,JCRQ_FF,上海胸科,疾病复发检查日期,,SI0100514,,,,,日期/时间,,,,,yyyy-MM-dd,,,,,,
733,LI0000104,687dcdf2260b6d64bd122a293fb15042abb905ae32ab88145125d7ff55e7322e,Yes,"入院记录,现病史","东肝,胸科",检查与检测,检查日期,EXAM_DATE,进行上述辅助检查的具体日期。,Examination Date,,,,,NSCLC-pd1抑制剂疗效ETT数据集,数据集标准,JCRQ_JHW1,上海胸科,计划外生命体征检查日期,,SI0100191,,,,,日期/时间,,,,,yyyy-MM-dd,,,,,,
734,LI0000104,687dcdf2260b6d64bd122a293fb15042abb905ae32ab88145125d7ff55e7322e,Yes,"入院记录,现病史","东肝,胸科",检查与检测,检查日期,EXAM_DATE,进行上述辅助检查的具体日期。,Examination Date,,,,,NSCLC-pd1抑制剂疗效ETT数据集,数据集标准,JCRQ_XBZ,上海胸科,新病灶检查日期,,SI0100094,,,,,日期/时间,,,,,yyyy-MM-dd,,,,,,
735,LI0000104,687dcdf2260b6d64bd122a293fb15042abb905ae32ab88145125d7ff55e7322e,Yes,"入院记录,现病史","东肝,胸科",检查与检测,检查日期,EXAM_DATE,进行上述辅助检查的具体日期。,Examination Date,,,,,NSCLC-pd1抑制剂疗效ETT数据集,数据集标准,PGRQ_SHBL,上海胸科,术后病理评估日期,,SI0100389,,,,,日期/时间,,,,,yyyy-MM-dd,,,,,,
736,LI0000104,687dcdf2260b6d64bd122a293fb15042abb905ae32ab88145125d7ff55e7322e,Yes,"入院记录,现病史","东肝,胸科",检查与检测,检查日期,EXAM_DATE,进行上述辅助检查的具体日期。,Examination Date,,,,,NSCLC-pd1抑制剂疗效ETT数据集,数据集标准,CJRQ_NCG,上海胸科,采样日期-尿常规,,SI0100295,,,,,日期/时间,,,,,yyyy-MM-dd,,,,,,
737,LI0000104,687dcdf2260b6d64bd122a293fb15042abb905ae32ab88145125d7ff55e7322e,Yes,"入院记录,现病史","东肝,胸科",检查与检测,检查日期,EXAM_DATE,进行上述辅助检查的具体日期。,Examination Date,,,,,NSCLC-pd1抑制剂疗效ETT数据集,数据集标准,CJRQ_JZX,上海胸科,采样日期-甲状腺功能,,SI0100317,,,,,日期/时间,,,,,yyyy-MM-dd,,,,,,
738,LI0000104,687dcdf2260b6d64bd122a293fb15042abb905ae32ab88145125d7ff55e7322e,Yes,"入院记录,现病史","东肝,胸科",检查与检测,检查日期,EXAM_DATE,进行上述辅助检查的具体日期。,Examination Date,,,,,NSCLC-pd1抑制剂疗效ETT数据集,数据集标准,JCRQ_FGN,上海胸科,检查日期-肺功能,,SI0100326,,,,,日期/时间,,,,,yyyy-MM-dd,,,,,,
739,LI0000104,687dcdf2260b6d64bd122a293fb15042abb905ae32ab88145125d7ff55e7322e,Yes,"入院记录,现病史","东肝,胸科",检查与检测,检查日期,EXAM_DATE,进行上述辅助检查的具体日期。,Examination Date,,,,,NSCLC-pd1抑制剂疗效ETT数据集,数据集标准,JCRQ_YXX,上海胸科,影像学检查日期,,SI0100496,,,,,日期/时间,,,,,yyyy-MM-dd,,,,,,
740,LI0000104,687dcdf2260b6d64bd122a293fb15042abb905ae32ab88145125d7ff55e7322e,Yes,"入院记录,现病史","东肝,胸科",检查与检测,检查日期,EXAM_DATE,进行上述辅助检查的具体日期。,Examination Date,,,,,NSCLC-pd1抑制剂疗效ETT数据集,数据集标准,JCRQ_JHN,上海胸科,生命体征检查日期,,SI0100179,,,,,日期/时间,,,,,yyyy-MM-dd,,,,,,
776,LI0000109,e59f45d719622a5c96ae6f7ea0eb8c9223e6388489d0e0b95ec510bd18e9031e,Yes,"诊断,现病史",胸科,检查与检测,ECOG/PS评分,ECOGPS,评估癌症患者体能状态和日常活动能力的工具，用于指导治疗方案选择和预后判断,ECOGPS,,,,,NSCLC-pd1抑制剂疗效ETT数据集,数据集标准,ECOG,上海胸科,评估结果,,SI0100210,,,,,整数,,1,,,,,,,,,
1121,LI0000150,f89c067ff6a97084fd28b22f08a0a84e870c90261dda1155ab523d6bc1b2ae61,Yes,"入院记录,现病史,既往史,手术记录","东肝,九院,胸科",治疗与操作,手术名称,SURG_NAME,手术的具体操作名称，如“右肝肿瘤切除术”“经皮肝穿刺微波热凝肝癌损毁术”等。,Surgery Name,"手术治疗, 既往口腔病灶切除史, 既往颈淋巴结清扫史",,,,NSCLC-pd1抑制剂疗效ETT数据集,数据集标准,SSMC,上海胸科,手术名称,,SI0100470,,,,,文本,200,,,,,,,,,,
1129,LI0000150,f89c067ff6a97084fd28b22f08a0a84e870c90261dda1155ab523d6bc1b2ae61,Yes,"入院记录,现病史,既往史,手术记录","东肝,九院,胸科",治疗与操作,手术名称,SURG_NAME,手术的具体操作名称，如“右肝肿瘤切除术”“经皮肝穿刺微波热凝肝癌损毁术”等。,Surgery Name,"手术治疗, 既往口腔病灶切除史, 既往颈淋巴结清扫史",,,,NSCLC-pd1抑制剂疗效ETT数据集,数据集标准,SFSS,上海胸科,是否进行手术,,SI0100369,,,,,枚举,,,,,,1=是;0=否,否,,,,
1138,LI0000150,f89c067ff6a97084fd28b22f08a0a84e870c90261dda1155ab523d6bc1b2ae61,Yes,"入院记录,现病史,既往史,手术记录","东肝,九院,胸科",治疗与操作,手术名称,SURG_NAME,手术的具体操作名称，如“右肝肿瘤切除术”“经皮肝穿刺微波热凝肝癌损毁术”等。,Surgery Name,"手术治疗, 既往口腔病灶切除史, 既往颈淋巴结清扫史",,,,NSCLC-pd1抑制剂疗效ETT数据集,数据集标准,SJZXSS,上海胸科,实际执行术式,,SI0100376,,,,,枚举,,,,,,,否,,,,
1164,LI0000151,03f007ffdd4ac9c36d9a662973eb7fdd2ea6a415159e68e25e295d3dd82f04cd,Yes,"入院记录,现病史,既往史","东肝,九院,胸科",治疗与操作,手术日期,SURG_DURATION,手术实施的具体日期和时间。,Duration of Surgery,"手术时间, 既往口腔病灶切除时间, 既往颈淋巴结清扫时间",,,,NSCLC-pd1抑制剂疗效ETT数据集,数据集标准,SSRQ_KZL,上海胸科,后续抗肿瘤治疗手术日期,,SI0100473,,,,,日期/时间,,,,,yyyy-MM-dd,,,,,,
1179,LI0000151,03f007ffdd4ac9c36d9a662973eb7fdd2ea6a415159e68e25e295d3dd82f04cd,Yes,"入院记录,现病史,既往史","东肝,九院,胸科",治疗与操作,手术日期,SURG_DURATION,手术实施的具体日期和时间。,Duration of Surgery,"手术时间, 既往口腔病灶切除时间, 既往颈淋巴结清扫时间",,,,NSCLC-pd1抑制剂疗效ETT数据集,数据集标准,SSRQ,上海胸科,围术期手术日期,,SI0100374,,,,,日期/时间,,,,,yyyy-MM-dd,,,,,,
1260,LI0000166,febd8c41743e1b9d9093753545d267ad9ef4984e307430b2cce9c7a3e9d6e84e,Yes,手术记录,"东肝,九院",检查与检测,出血量,BLEED_VOLUME,描述出血的量，通常需要指定单位（如毫升）。,Volume of Bleeding,,,,,NSCLC-pd1抑制剂疗效ETT数据集,数据集标准,SZCXL,上海胸科,术中出血量,,SI0100383,,,,,整数,,5,,ml,,,,,,,
1316,LI0000178,f56ff8c31542b3016e5dac1093e36e2e65d00db6c8ba093b2863354cc8a82df0,Yes,现病史,胸科,健康问题与诊断,治疗时间,TX_DUR,指一个特定治疗方案从开始到结束所持续的时间长度。,Treatment Duration,,,,,NSCLC-pd1抑制剂疗效ETT数据集,数据集标准,FLKSRQ_KZL,上海胸科,后续抗肿瘤放疗开始日期,,SI0100482,,,,,日期/时间,,,,,yyyy-MM-dd,,,,,,
1318,LI0000178,f56ff8c31542b3016e5dac1093e36e2e65d00db6c8ba093b2863354cc8a82df0,Yes,现病史,胸科,健康问题与诊断,治疗时间,TX_DUR,指一个特定治疗方案从开始到结束所持续的时间长度。,Treatment Duration,,,,,NSCLC-pd1抑制剂疗效ETT数据集,数据集标准,FLKSRQ,上海胸科,术后辅助放疗开始日期,,SI0100401,,,,,日期/时间,,,,,yyyy-MM-dd,,,,,,
1319,LI0000178,f56ff8c31542b3016e5dac1093e36e2e65d00db6c8ba093b2863354cc8a82df0,Yes,现病史,胸科,健康问题与诊断,治疗时间,TX_DUR,指一个特定治疗方案从开始到结束所持续的时间长度。,Treatment Duration,,,,,NSCLC-pd1抑制剂疗效ETT数据集,数据集标准,ZLKSRQ,上海胸科,既往及非药物治疗开始日期,,SI0100428,,,,,日期/时间,,,,,yyyy-MM-dd,,,,,,
1321,LI0000178,f56ff8c31542b3016e5dac1093e36e2e65d00db6c8ba093b2863354cc8a82df0,Yes,现病史,胸科,健康问题与诊断,治疗时间,TX_DUR,指一个特定治疗方案从开始到结束所持续的时间长度。,Treatment Duration,,,,,NSCLC-pd1抑制剂疗效ETT数据集,数据集标准,ZLKSRQ_QT,上海胸科,后续抗肿瘤其它治疗开始日期,,SI0100488,,,,,日期/时间,,,,,yyyy-MM-dd,,,,,,
1322,LI0000178,f56ff8c31542b3016e5dac1093e36e2e65d00db6c8ba093b2863354cc8a82df0,Yes,现病史,胸科,健康问题与诊断,治疗时间,TX_DUR,指一个特定治疗方案从开始到结束所持续的时间长度。,Treatment Duration,,,,,NSCLC-pd1抑制剂疗效ETT数据集,数据集标准,YYKSRQ_KZL,上海胸科,后续抗肿瘤药物治疗开始日期,,SI0100466,,,,,日期/时间,,,,,yyyy-MM-dd,,,,,,
1324,LI0000178,f56ff8c31542b3016e5dac1093e36e2e65d00db6c8ba093b2863354cc8a82df0,Yes,现病史,胸科,健康问题与诊断,治疗时间,TX_DUR,指一个特定治疗方案从开始到结束所持续的时间长度。,Treatment Duration,,,,,NSCLC-pd1抑制剂疗效ETT数据集,数据集标准,SZKSRQ,上海胸科,输注开始日期,,SI0100358,,,,,日期/时间,,,,,yyyy-MM-dd,,,,,,
1326,LI0000178,f56ff8c31542b3016e5dac1093e36e2e65d00db6c8ba093b2863354cc8a82df0,Yes,现病史,胸科,健康问题与诊断,治疗时间,TX_DUR,指一个特定治疗方案从开始到结束所持续的时间长度。,Treatment Duration,,,,,NSCLC-pd1抑制剂疗效ETT数据集,数据集标准,YYKSRQ,上海胸科,既往及合并用药开始日期,,SI0100424,,,,,日期/时间,,,,,yyyy-MM-dd,,,,,,
1327,LI0000179,4cbd591b72b1934ae8bf524ca38516bb6e3511cf3665c889a4c62eb6b6c277a7,Yes,现病史,胸科,治疗与操作,放疗部位,PREV_RT_SITES,患者在过去接受放射治疗（放疗）时，被照射过的身体部位或解剖区域。,Previous Radiotherapy Sites,,,,,NSCLC-pd1抑制剂疗效ETT数据集,数据集标准,FLBW_KZL,上海胸科,后续抗肿瘤放疗部位,,SI0100476,,,,,文本,100,,,,,,,,,,
1329,LI0000179,4cbd591b72b1934ae8bf524ca38516bb6e3511cf3665c889a4c62eb6b6c277a7,Yes,现病史,胸科,治疗与操作,放疗部位,PREV_RT_SITES,患者在过去接受放射治疗（放疗）时，被照射过的身体部位或解剖区域。,Previous Radiotherapy Sites,,,,,NSCLC-pd1抑制剂疗效ETT数据集,数据集标准,FLBW,上海胸科,术后辅助放疗部位,,SI0100397,,,,,文本,100,,,,,,,,,,
1330,LI0000179,4cbd591b72b1934ae8bf524ca38516bb6e3511cf3665c889a4c62eb6b6c277a7,Yes,现病史,胸科,治疗与操作,放疗部位,PREV_RT_SITES,患者在过去接受放射治疗（放疗）时，被照射过的身体部位或解剖区域。,Previous Radiotherapy Sites,,,,,NSCLC-pd1抑制剂疗效ETT数据集,数据集标准,FLFA,上海胸科,放疗方案,,SI0100396,,,,,文本,500,,,,,,,,,,
1332,LI0000181,63c31ffe2e3f65641c61b6561acfa77e854a701d20b7870c87989e7633e67501,Yes,现病史,胸科,健康问题与诊断,不良反应,AR,在正常用法和用量下，用于预防、诊断、治疗疾病或调节生理功能时，出现的与用药目的无关的有害反应。,Adverse Reaction,,,,,NSCLC-pd1抑制剂疗效ETT数据集,数据集标准,AE,上海胸科,不良事件名称,,SI0100433,,,,,文本,100,,,,,,,,,,
1334,LI0000181,63c31ffe2e3f65641c61b6561acfa77e854a701d20b7870c87989e7633e67501,Yes,现病史,胸科,健康问题与诊断,不良反应,AR,在正常用法和用量下，用于预防、诊断、治疗疾病或调节生理功能时，出现的与用药目的无关的有害反应。,Adverse Reaction,,,,,NSCLC-pd1抑制剂疗效ETT数据集,数据集标准,SFAE,上海胸科,是否发生不良事件,,SI0100432,,,,,枚举,,,,,,1=是;0=否,否,,,,
1346,LI0000195,8757d8789744a3d86ba3ea64ab58dbaf5bde8b3a86a39358223f7ea7c6e0df75,Yes,"日常病程,物理检查,现病史,手术记录,检查,病理检查","东肝,九院,胸科",解剖与病理信息,主要病变,PRIMARY_LESION,描述探查中发现的主要病变,Primary Lesion,解剖学部位、主要病灶、病灶类型,,,,NSCLC-pd1抑制剂疗效ETT数据集,数据集标准,SFMZBZBZ_FBBZ,上海胸科,是否有满足 Recist 1.1 标准的非靶病灶,,SI0100075,,,,,枚举,,,,,,1=是;0=否;9=未评估,否,,,,
1348,LI0000195,8757d8789744a3d86ba3ea64ab58dbaf5bde8b3a86a39358223f7ea7c6e0df75,Yes,"日常病程,物理检查,现病史,手术记录,检查,病理检查","东肝,九院,胸科",解剖与病理信息,主要病变,PRIMARY_LESION,描述探查中发现的主要病变,Primary Lesion,解剖学部位、主要病灶、病灶类型,,,,NSCLC-pd1抑制剂疗效ETT数据集,数据集标准,SFMZBZBZ_XBZ,上海胸科,是否有满足 Recist 1.1 标准的非靶病灶-新病灶,,SI0100088,,,,,枚举,,,,,,1=是;0=否;9=未评估,否,,,,
1349,LI0000195,8757d8789744a3d86ba3ea64ab58dbaf5bde8b3a86a39358223f7ea7c6e0df75,Yes,"日常病程,物理检查,现病史,手术记录,检查,病理检查","东肝,九院,胸科",解剖与病理信息,主要病变,PRIMARY_LESION,描述探查中发现的主要病变,Primary Lesion,解剖学部位、主要病灶、病灶类型,,,,NSCLC-pd1抑制剂疗效ETT数据集,数据集标准,SFMZBZBZ_BBZ,上海胸科,是否有满足 Recist 1.1 标准的靶病灶,,SI0100061,,,,,枚举,,,,,,1=是;0=否;9=未评估,否,,,,
1364,LI0000196,996a7cb19ceb1a0c49e616d3b9c2e3cd4ad485ddd440c34ec5060cec5a277e56,Yes,"影像检查,现病史",胸科,解剖与病理信息,变化描述,DESCRIP_VAR,病灶的发展情况,Description of the variation,,,,,NSCLC-pd1抑制剂疗效ETT数据集,数据集标准,FBBZPGJG_SH,上海胸科,术后非靶病灶评估结果,,SI0100117,,,,,枚举,,,,,,5=非完全缓解/非疾病进展（Non-CR/Non-PD）;9=不能评估（NE）;10=无非靶病灶,否,,,,
1366,LI0000196,996a7cb19ceb1a0c49e616d3b9c2e3cd4ad485ddd440c34ec5060cec5a277e56,Yes,"影像检查,现病史",胸科,解剖与病理信息,变化描述,DESCRIP_VAR,病灶的发展情况,Description of the variation,,,,,NSCLC-pd1抑制剂疗效ETT数据集,数据集标准,ECOG,上海胸科,评估结果,,SI0100210,,,,,整数,,1,,,,,,,,,
1368,LI0000196,996a7cb19ceb1a0c49e616d3b9c2e3cd4ad485ddd440c34ec5060cec5a277e56,Yes,"影像检查,现病史",胸科,解剖与病理信息,变化描述,DESCRIP_VAR,病灶的发展情况,Description of the variation,,,,,NSCLC-pd1抑制剂疗效ETT数据集,数据集标准,BBZPGJG_SH,上海胸科,术后靶病灶评估结果,,SI0100115,,,,,枚举,,,,,,2=部分缓解（PR）;4=疾病稳定（SD）;5=非完全缓解/非疾病进展（Non-CR/Non-PD）;9=不能评估（NE）,否,,,,
1369,LI0000196,996a7cb19ceb1a0c49e616d3b9c2e3cd4ad485ddd440c34ec5060cec5a277e56,Yes,"影像检查,现病史",胸科,解剖与病理信息,变化描述,DESCRIP_VAR,病灶的发展情况,Description of the variation,,,,,NSCLC-pd1抑制剂疗效ETT数据集,数据集标准,FBBZPGJG_SQ,上海胸科,术前非靶病灶评估结果,,SI0100102,,,,,枚举,,,,,,5=非完全缓解/非疾病进展（Non-CR/Non-PD）;9=不能评估（NE）;10=无非靶病灶,否,,,,
1370,LI0000196,996a7cb19ceb1a0c49e616d3b9c2e3cd4ad485ddd440c34ec5060cec5a277e56,Yes,"影像检查,现病史",胸科,解剖与病理信息,变化描述,DESCRIP_VAR,病灶的发展情况,Description of the variation,,,,,NSCLC-pd1抑制剂疗效ETT数据集,数据集标准,BBZPGJG_SQ,上海胸科,术前靶病灶评估结果,,SI0100100,,,,,枚举,,,,,,2=部分缓解（PR）;4=疾病稳定（SD）;5=非完全缓解/非疾病进展（Non-CR/Non-PD）;9=不能评估（NE）,否,,,,
1371,LI0000197,27180ecfdfed38063c8d4a09c631fc459229bba77d1ec6db50240afd9fb1ef23,Yes,"入院记录,现病史,既往史,手术记录","东肝,九院,胸科",治疗与操作,药品名称,DRUG_NAME,用于识别一种特定药物的正式或通用名称。,Drug Name,,,,,NSCLC-pd1抑制剂疗效ETT数据集,数据集标准,SFJSKZLYWZL,上海胸科,是否接受抗肿瘤药物治疗,,SI0100456,,,,,枚举,,,,,,1=是;0=否,否,,,,
1377,LI0000197,27180ecfdfed38063c8d4a09c631fc459229bba77d1ec6db50240afd9fb1ef23,Yes,"入院记录,现病史,既往史,手术记录","东肝,九院,胸科",治疗与操作,药品名称,DRUG_NAME,用于识别一种特定药物的正式或通用名称。,Drug Name,,,,,NSCLC-pd1抑制剂疗效ETT数据集,数据集标准,SFJSKZLQTZL,上海胸科,是否接受抗肿瘤其它治疗,,SI0100486,,,,,枚举,,,,,,1=是;0=否,否,,,,
1379,LI0000197,27180ecfdfed38063c8d4a09c631fc459229bba77d1ec6db50240afd9fb1ef23,Yes,"入院记录,现病史,既往史,手术记录","东肝,九院,胸科",治疗与操作,药品名称,DRUG_NAME,用于识别一种特定药物的正式或通用名称。,Drug Name,,,,,NSCLC-pd1抑制剂疗效ETT数据集,数据集标准,ZLFA,上海胸科,后续抗肿瘤药物治疗方案,,SI0100457,,,,,文本,500,,,,,,,,,,
1388,LI0000197,27180ecfdfed38063c8d4a09c631fc459229bba77d1ec6db50240afd9fb1ef23,Yes,"入院记录,现病史,既往史,手术记录","东肝,九院,胸科",治疗与操作,药品名称,DRUG_NAME,用于识别一种特定药物的正式或通用名称。,Drug Name,,,,,NSCLC-pd1抑制剂疗效ETT数据集,数据集标准,HLY,上海胸科,化疗药,,SI0100367,,,,,枚举,,,,,,1=培美曲塞（非鳞癌）;2=紫杉醇（鳞癌）;3=多西他赛（鳞癌）;4=卡铂;5=顺铂,是,,,,
1390,LI0000197,27180ecfdfed38063c8d4a09c631fc459229bba77d1ec6db50240afd9fb1ef23,Yes,"入院记录,现病史,既往史,手术记录","东肝,九院,胸科",治疗与操作,药品名称,DRUG_NAME,用于识别一种特定药物的正式或通用名称。,Drug Name,,,,,NSCLC-pd1抑制剂疗效ETT数据集,数据集标准,SFJSQSZL,上海胸科,既往是否接受过全身抗非小细胞肺癌的治疗,,SI0100059,,,,,枚举,,,,,,1=是;0=否,否,,,,
1392,LI0000197,27180ecfdfed38063c8d4a09c631fc459229bba77d1ec6db50240afd9fb1ef23,Yes,"入院记录,现病史,既往史,手术记录","东肝,九院,胸科",治疗与操作,药品名称,DRUG_NAME,用于识别一种特定药物的正式或通用名称。,Drug Name,,,,,NSCLC-pd1抑制剂疗效ETT数据集,数据集标准,YWMC,上海胸科,药物名称,,SI0100415,,,,,文本,100,,,,,,,,,,
1394,LI0000197,27180ecfdfed38063c8d4a09c631fc459229bba77d1ec6db50240afd9fb1ef23,Yes,"入院记录,现病史,既往史,手术记录","东肝,九院,胸科",治疗与操作,药品名称,DRUG_NAME,用于识别一种特定药物的正式或通用名称。,Drug Name,,,,,NSCLC-pd1抑制剂疗效ETT数据集,数据集标准,ZLMC,上海胸科,治疗名称,,SI0100427,,,,,文本,200,,,,,,,,,,
1396,LI0000197,27180ecfdfed38063c8d4a09c631fc459229bba77d1ec6db50240afd9fb1ef23,Yes,"入院记录,现病史,既往史,手术记录","东肝,九院,胸科",治疗与操作,药品名称,DRUG_NAME,用于识别一种特定药物的正式或通用名称。,Drug Name,,,,,NSCLC-pd1抑制剂疗效ETT数据集,数据集标准,KZLZLLX,上海胸科,既往的抗肿瘤治疗类型,,SI0100060,,,,,枚举,,,,,,1=系统治疗;2=局部治疗;3=其它治疗,是,,,,
1398,LI0000197,27180ecfdfed38063c8d4a09c631fc459229bba77d1ec6db50240afd9fb1ef23,Yes,"入院记录,现病史,既往史,手术记录","东肝,九院,胸科",治疗与操作,药品名称,DRUG_NAME,用于识别一种特定药物的正式或通用名称。,Drug Name,,,,,NSCLC-pd1抑制剂疗效ETT数据集,数据集标准,ZLYW,上海胸科,治疗药物,,SI0100458,,,,,文本,100,,,,,,,,,,
1402,LI0000197,27180ecfdfed38063c8d4a09c631fc459229bba77d1ec6db50240afd9fb1ef23,Yes,"入院记录,现病史,既往史,手术记录","东肝,九院,胸科",治疗与操作,药品名称,DRUG_NAME,用于识别一种特定药物的正式或通用名称。,Drug Name,,,,,NSCLC-pd1抑制剂疗效ETT数据集,数据集标准,ZLFA_QT,上海胸科,后续抗肿瘤其它治疗方案,,SI0100487,,,,,文本,500,,,,,,,,,,
1557,LI0000199,e93433f4f1883ad249ea2aceb83a46f960a713314ecfae55a4e784a0aab64cd8,Yes,"物理检查,诊断,入院记录,现病史,既往史,手术记录","东肝,九院,胸科",健康问题与诊断,疾病名称,DIS_NAME,诊断出的具体疾病名，这里主要关注肝癌及其相关病症。,Disease Name,"既往黏膜病史, 高血压, 冠心病, 糖尿病, 血液系统疾病, 其他肿瘤史, 术前诊断为肝内胆管癌",,,,NSCLC-pd1抑制剂疗效ETT数据集,数据集标准,HBFBZZ,上海胸科,合并肺部症状,,SI0100042,,,,,枚举,,,,,,1=合并肺不张;2=合并阻塞性肺炎;3=其他,是,,,,
1559,LI0000199,e93433f4f1883ad249ea2aceb83a46f960a713314ecfae55a4e784a0aab64cd8,Yes,"物理检查,诊断,入院记录,现病史,既往史,手术记录","东肝,九院,胸科",健康问题与诊断,疾病名称,DIS_NAME,诊断出的具体疾病名，这里主要关注肝癌及其相关病症。,Disease Name,"既往黏膜病史, 高血压, 冠心病, 糖尿病, 血液系统疾病, 其他肿瘤史, 术前诊断为肝内胆管癌",,,,NSCLC-pd1抑制剂疗效ETT数据集,数据集标准,JBMC,上海胸科,疾病名称,,SI0100020,,,,,文本,500,,,,,,,,,,
1573,LI0000199,e93433f4f1883ad249ea2aceb83a46f960a713314ecfae55a4e784a0aab64cd8,Yes,"物理检查,诊断,入院记录,现病史,既往史,手术记录","东肝,九院,胸科",健康问题与诊断,疾病名称,DIS_NAME,诊断出的具体疾病名，这里主要关注肝癌及其相关病症。,Disease Name,"既往黏膜病史, 高血压, 冠心病, 糖尿病, 血液系统疾病, 其他肿瘤史, 术前诊断为肝内胆管癌",,,,NSCLC-pd1抑制剂疗效ETT数据集,数据集标准,SFAE,上海胸科,是否发生不良事件,,SI0100432,,,,,枚举,,,,,,1=是;0=否,否,,,,
1588,LI0000199,e93433f4f1883ad249ea2aceb83a46f960a713314ecfae55a4e784a0aab64cd8,Yes,"物理检查,诊断,入院记录,现病史,既往史,手术记录","东肝,九院,胸科",健康问题与诊断,疾病名称,DIS_NAME,诊断出的具体疾病名，这里主要关注肝癌及其相关病症。,Disease Name,"既往黏膜病史, 高血压, 冠心病, 糖尿病, 血液系统疾病, 其他肿瘤史, 术前诊断为肝内胆管癌",,,,NSCLC-pd1抑制剂疗效ETT数据集,数据集标准,AE,上海胸科,不良事件名称,,SI0100433,,,,,文本,100,,,,,,,,,,
1607,LI0000207,3cd57af25dd7e140ce74a6c30589a42d80700839ec50475ced140066fd533738,Yes,"物理检查,病理,现病史,手术记录","东肝,九院,胸科",健康问题与诊断,转移标志,MET_IND,标识肿瘤是否存在转移,Metastasis Indicator,,,,,NSCLC-pd1抑制剂疗效ETT数据集,数据集标准,ZWQSBW,上海胸科,周围侵蚀部位,,SI0100041,,,,,枚举,,,,,,1=脏层胸膜（PL1/2）;2=壁层胸膜（PL3）;3=主支气管;4=膈神经;5=心包壁层;6=隔膜;7=纵隔;8=心脏;9=大血管;10=气管;11=喉返神经;12=食管;13=胸椎;14=隆凸;15=胸壁;16=其他,是,,,,
1618,LI0000208,e70dca850e0c5e72237a95d06794f08326ed54f5c03b6e98587c216cb8faca9e,Yes,"物理检查,病理,现病史,手术记录","东肝,九院,胸科",健康问题与诊断,侵犯标志,INV_IND,标识肿瘤是否侵犯周围组织或器官,Invasion Indicator,,,,,NSCLC-pd1抑制剂疗效ETT数据集,数据集标准,ZWQSBW,上海胸科,周围侵蚀部位,,SI0100041,,,,,枚举,,,,,,1=脏层胸膜（PL1/2）;2=壁层胸膜（PL3）;3=主支气管;4=膈神经;5=心包壁层;6=隔膜;7=纵隔;8=心脏;9=大血管;10=气管;11=喉返神经;12=食管;13=胸椎;14=隆凸;15=胸壁;16=其他,是,,,,
1637,LI0000209,389cb17606c51c4f866d32b3f9233c373fbb999087a0d933b1bbe7dd87629ce9,Yes,"影像检查,专科检查,物理检查,病理,病理诊断,现病史,手术记录","东肝,九院,胸科",健康问题与诊断,侵犯部位/类型,INV_SITES,侵犯发生于神经、胆管、血管或者包膜的情况或者侵犯的具体部位，如“肝门”、“膈肌”、“胆囊”、“血管”等。,Invasion Sites,"侵犯情况,累及部位,侵犯类型",,,,NSCLC-pd1抑制剂疗效ETT数据集,数据集标准,ZWQSBW,上海胸科,周围侵蚀部位,,SI0100041,,,,,枚举,,,,,,1=脏层胸膜（PL1/2）;2=壁层胸膜（PL3）;3=主支气管;4=膈神经;5=心包壁层;6=隔膜;7=纵隔;8=心脏;9=大血管;10=气管;11=喉返神经;12=食管;13=胸椎;14=隆凸;15=胸壁;16=其他,是,,,,
1664,LI0000213,d2c1a40918a8fe5f45449785453f42baef33889b60d26bc4c7f7fcfa8bfa77b9,Yes,"入院记录,个人史,现病史,既往史","东肝,胸科",个人基本信息,饮酒时长,ALCOHOL_DURA,个人持续饮酒的时间长度，通常以年为单位计算。,Duration of Alcohol Consumption,,,,,NSCLC-pd1抑制剂疗效ETT数据集,数据集标准,YYNS,上海胸科,饮酒年数,,SI0100014,,,,,小数,,3,1,年,,,,,,,
1666,LI0000213,d2c1a40918a8fe5f45449785453f42baef33889b60d26bc4c7f7fcfa8bfa77b9,Yes,"入院记录,个人史,现病史,既往史","东肝,胸科",个人基本信息,饮酒时长,ALCOHOL_DURA,个人持续饮酒的时间长度，通常以年为单位计算。,Duration of Alcohol Consumption,,,,,NSCLC-pd1抑制剂疗效ETT数据集,数据集标准,JWYYNS,上海胸科,既往饮酒年数,,SI0100017,,,,,小数,,3,1,年,,,,,,,
